Triangles,Vertices,Meshes,SubMeshes,Model,Path
14529,19327,1,1,Meshy_AI_Turquoise_Tunnel_Gree_0722150313_texture,Assets/Models/Greenhouse/greenhouse/Meshy_AI_Turquoise_Tunnel_Gree_0722150313_texture_fbx/Meshy_AI_Turquoise_Tunnel_Gree_0722150313_texture.fbx
10365,17321,1,1,Meshy_AI_Verdant_Canopy_0506040512_texture,Assets/Models/MangosteenTree/VerdantCanopy2/Meshy_AI_Verdant_Canopy_0506040512_texture_fbx/Meshy_AI_Verdant_Canopy_0506040512_texture.fbx
10365,17321,1,1,Meshy_AI_Verdant_Canopy_0506040512_texture,Assets/Models/PomeloTree/VerdantCanopy2/Meshy_AI_Verdant_Canopy_0506040512_texture_fbx/Meshy_AI_Verdant_Canopy_0506040512_texture.fbx
10131,16171,1,1,Meshy_AI_Emerald_Leaves_in_a_B_0623111016_texture,Assets/Models/EggplantTree/Meshy_AI_Emerald_Leaves_in_a_B_0623111016_texture_fbx/Meshy_AI_Emerald_Leaves_in_a_B_0623111016_texture.fbx
9977,20493,1,1,Meshy_AI_Verdant_Canopy_0506035018_texture,Assets/Models/DurianTree/VerdantCanopy/Meshy_AI_Verdant_Canopy_0506035018_texture_fbx/Meshy_AI_Verdant_Canopy_0506035018_texture.fbx
9878,18068,1,1,Meshy_AI_Backyard_Pumpkin_Patc_0623110303_texture,Assets/Models/SquashTree/Meshy_AI_Backyard_Pumpkin_Patc_0623110303_texture_fbx/Meshy_AI_Backyard_Pumpkin_Patc_0623110303_texture.fbx
9872,15383,1,1,Meshy_AI_Metal_Grate_Trench_Dr_0722150301_texture,Assets/Models/DrainageCanal/drainage/Meshy_AI_Metal_Grate_Trench_Dr_0722150301_texture_fbx/Meshy_AI_Metal_Grate_Trench_Dr_0722150301_texture.fbx
9858,19333,1,1,Meshy_AI_Sunlit_Orchard_Tree_0506050513_texture,Assets/Models/CacaoTree/Meshy_AI_Sunlit_Orchard_Tree_0506050513_texture_fbx/Meshy_AI_Sunlit_Orchard_Tree_0506050513_texture_fbx/Meshy_AI_Sunlit_Orchard_Tree_0506050513_texture.fbx
9696,17521,1,1,Meshy_AI_Chrome_Ribbed_Cylinde_0722151007_texture,Assets/Models/WaterStorageTank/water collector/Meshy_AI_Chrome_Ribbed_Cylinde_0722151007_texture_fbx/Meshy_AI_Chrome_Ribbed_Cylinde_0722151007_texture.fbx
9315,20064,1,1,Meshy_AI_Green_Globe_Topiary_0506042035_texture,Assets/Models/MangoTree/GreenGlobeTopiary/Meshy_AI_Green_Globe_Topiary_0506042035_texture_fbx/Meshy_AI_Green_Globe_Topiary_0506042035_texture.fbx
9206,15394,1,1,Meshy_AI_Strawberry_Patch_Unde_0623111645_texture,Assets/Models/StrawberryTree/Meshy_AI_Strawberry_Patch_Unde_0623111645_texture_fbx/Meshy_AI_Strawberry_Patch_Unde_0623111645_texture.fbx
8475,12657,1,1,Meshy_AI_Circular_Green_Constr_0722150246_texture,Assets/Models/WindBreakNet/windbreak/Meshy_AI_Circular_Green_Constr_0722150246_texture_fbx/Meshy_AI_Circular_Green_Constr_0722150246_texture.fbx
8228,17823,1,1,Meshy_AI_Tomato_plant_against__0623105135_texture,Assets/Models/TomatoTree/Meshy_AI_Tomato_plant_against__0623105135_texture_fbx/Meshy_AI_Tomato_plant_against__0623105135_texture.fbx
7970,9698,1,1,Meshy_AI_Young_sapling_0709124312_texture,Assets/Models/CacaoSprout/Meshy_AI_Young_sapling_0709124312_texture_fbx/Meshy_AI_Young_sapling_0709124312_texture_fbx/Meshy_AI_Young_sapling_0709124312_texture.fbx
7368,9512,1,1,Meshy_AI_Strawberry_Close_Up_0623111609_texture,Assets/Models/StrawberryFruit/Meshy_AI_Strawberry_Close_Up_0623111609_texture_fbx/Meshy_AI_Strawberry_Close_Up_0623111609_texture.fbx
7289,10320,1,1,Meshy_AI_Young_corn_seedling_0709125050_texture,Assets/Models/CornSprout/Meshy_AI_Young_corn_seedling_0709125050_texture_fbx/Meshy_AI_Young_corn_seedling_0709125050_texture_fbx/Meshy_AI_Young_corn_seedling_0709125050_texture.fbx
7080,9726,1,1,Meshy_AI_Desert_Rosette_0506051524_texture,Assets/Models/PineappleTree/Meshy_AI_Desert_Rosette_0506051524_texture_fbx/Meshy_AI_Desert_Rosette_0506051524_texture_fbx/Meshy_AI_Desert_Rosette_0506051524_texture.fbx
7070,8428,1,1,Meshy_AI_Pipe_Rising_from_the__0722150215_texture,Assets/Models/IrrigationSprinkler/sprinkler/Meshy_AI_Pipe_Rising_from_the__0722150215_texture_fbx/Meshy_AI_Pipe_Rising_from_the__0722150215_texture.fbx
7040,7235,1,1,Meshy_AI_Corn_on_the_cob_0623112042_texture,Assets/Models/CornFruit/Meshy_AI_Corn_on_the_cob_0623112042_texture_fbx/Meshy_AI_Corn_on_the_cob_0623112042_texture.fbx
6888,10382,1,1,Meshy_AI_Pile_of_wood_chips_0722150121_texture,Assets/Models/MulchPatch/Mulch/Meshy_AI_Pile_of_wood_chips_0722150121_texture_fbx/Meshy_AI_Pile_of_wood_chips_0722150121_texture.fbx
6773,7704,1,1,Meshy_AI_Tomatoes_on_the_Vine_0623104919_texture,Assets/Models/TomatoFruit/Meshy_AI_Tomatoes_on_the_Vine_0623104919_texture_fbx/Meshy_AI_Tomatoes_on_the_Vine_0623104919_texture.fbx
6718,13933,1,1,Meshy_AI_Spiky_Durian_0506035811_texture,Assets/Models/DurianFruit/Meshy_AI_Spiky_Durian_0506035811_texture_fbx/Meshy_AI_Spiky_Durian_0506035811_texture_fbx/Meshy_AI_Spiky_Durian_0506035811_texture.fbx
6685,9886,1,1,Meshy_AI_Strawberry_Guava_Clus_0506041425_texture,Assets/Models/MangosteenFruit/Meshy_AI_Strawberry_Guava_Clus_0506041425_texture_fbx/Meshy_AI_Strawberry_Guava_Clus_0506041425_texture_fbx/Meshy_AI_Strawberry_Guava_Clus_0506041425_texture.fbx
6680,8467,1,1,Meshy_AI_Green_Coconut_Tree_0419175701_texture,Assets/Models/CoconutTree/Meshy_AI_Green_Coconut_Tree_0419175701_texture_fbx/CoconutTree/Meshy_AI_Green_Coconut_Tree_0419175701_texture.fbx
6649,9300,1,1,Meshy_AI_Solitary_corn_stalk_0623112105_texture,Assets/Models/CornTree/Meshy_AI_Solitary_corn_stalk_0623112105_texture_fbx/Meshy_AI_Solitary_corn_stalk_0623112105_texture.fbx
6599,13127,1,1,Meshy_AI_Emerald_Grass_Tufts_0429083333_texture,Assets/Models/GrasspatchSmall/Meshy_AI_Emerald_Grass_Tufts_0429083333_texture_fbx/Meshy_AI_Emerald_Grass_Tufts_0429083333_texture_fbx/Meshy_AI_Emerald_Grass_Tufts_0429083333_texture.fbx
6357,6128,1,1,Meshy_AI_Pile_of_Dirt_0713090855_texture,Assets/Models/DirtSpot/Meshy_AI_Pile_of_Dirt_0713090855_texture_fbx/Meshy_AI_Pile_of_Dirt_0713090855_texture_fbx/Meshy_AI_Pile_of_Dirt_0713090855_texture.fbx
6286,5609,1,1,Meshy_AI_Golden_Blooms_on_a_Gr_0508145034_texture,Assets/Models/AphidTrap/Meshy_AI_Golden_Blooms_on_a_Gr_0508145034_texture_fbx/Meshy_AI_Golden_Blooms_on_a_Gr_0508145034_texture_fbx/Meshy_AI_Golden_Blooms_on_a_Gr_0508145034_texture.fbx
6210,5711,1,1,Meshy_AI_Three_Post_Hammock_0722150149_texture,Assets/Models/ShadeNet/shade/Meshy_AI_Three_Post_Hammock_0722150149_texture_fbx/Meshy_AI_Three_Post_Hammock_0722150149_texture.fbx
6184,4604,1,1,Meshy_AI_Purple_Eggplant_0623110945_texture,Assets/Models/EggplantFruit/Meshy_AI_Purple_Eggplant_0623110945_texture_fbx/Meshy_AI_Purple_Eggplant_0623110945_texture.fbx
6023,6854,1,1,Meshy_AI_Emerald_Sprout_0709132034_texture,Assets/Models/MangosteenSprout/Meshy_AI_Emerald_Sprout_0709132034_texture_fbx/Meshy_AI_Emerald_Sprout_0709132034_texture_fbx/Meshy_AI_Emerald_Sprout_0709132034_texture.fbx
5670,7834,1,1,Meshy_AI_Cylindrical_water_fil_0713164205_texture,Assets/Models/TermiteBait/Meshy_AI_Cylindrical_water_fil_0713164205_texture_fbx/Meshy_AI_Cylindrical_water_fil_0713164205_texture_fbx/Meshy_AI_Cylindrical_water_fil_0713164205_texture.fbx
5470,7333,1,1,Meshy_AI_Tomato_seedling_0709135244_texture,Assets/Models/TomatoSprout/Meshy_AI_Tomato_seedling_0709135244_texture_fbx/Meshy_AI_Tomato_seedling_0709135244_texture_fbx/Meshy_AI_Tomato_seedling_0709135244_texture.fbx
5451,8242,1,1,Meshy_AI_Golden_Pineapple_0506051943_texture,Assets/Models/PineappleFruit/Meshy_AI_Golden_Pineapple_0506051943_texture_fbx/Meshy_AI_Golden_Pineapple_0506051943_texture_fbx/Meshy_AI_Golden_Pineapple_0506051943_texture.fbx
5445,7736,1,1,Meshy_AI_Bromeliad_in_a_pot_0709132857_texture,Assets/Models/PineappleSprout/Meshy_AI_Bromeliad_in_a_pot_0709132857_texture_fbx/Meshy_AI_Bromeliad_in_a_pot_0709132857_texture_fbx/Meshy_AI_Bromeliad_in_a_pot_0709132857_texture.fbx
5403,3695,1,1,Meshy_AI_Green_Coconut_0419175651_texture,Assets/Models/CoconutFruit/Meshy_AI_Green_Coconut_0419175651_texture_fbx/Meshy_AI_Green_Coconut_0419175651_texture_fbx/Meshy_AI_Green_Coconut_0419175651_texture.fbx
5324,3903,1,1,Meshy_AI_Mango_0506051129_texture,Assets/Models/CacaoFruit/Meshy_AI_Mango_0506051129_texture_fbx/Meshy_AI_Mango_0506051129_texture_fbx/Meshy_AI_Mango_0506051129_texture.fbx
5198,4808,1,1,Meshy_AI_Conical_Field_Sensor_0713164144_texture,Assets/Models/PhermoneTrap/Meshy_AI_Conical_Field_Sensor_0713164144_texture_fbx/Meshy_AI_Conical_Field_Sensor_0713164144_texture_fbx/Meshy_AI_Conical_Field_Sensor_0713164144_texture.fbx
5131,3752,1,1,Meshy_AI_Kabocha_squash_0623110125_texture,Assets/Models/SquashFruit/Meshy_AI_Kabocha_squash_0623110125_texture_fbx/Meshy_AI_Kabocha_squash_0623110125_texture.fbx
5090,11265,1,1,Meshy_AI_Emerald_Grass_0429083848_texture,Assets/Models/GrasspatchLarge/Meshy_AI_Emerald_Grass_0429083848_texture_fbx/Meshy_AI_Emerald_Grass_0429083848_texture_fbx/Meshy_AI_Emerald_Grass_0429083848_texture.fbx
5084,5022,1,1,Meshy_AI_Shipping_Bin_0420130916_texture,Assets/Models/ShippingBin/Meshy_AI_Shipping_Bin_0420130916_texture_fbx/Meshy_AI_Shipping_Bin_0420130916_texture_fbx/Meshy_AI_Shipping_Bin_0420130916_texture.fbx
5078,7522,1,1,Meshy_AI_Emerging_Sapling_0709133259_texture,Assets/Models/PomeloSprout/Meshy_AI_Emerging_Sapling_0709133259_texture_fbx/Meshy_AI_Emerging_Sapling_0709133259_texture_fbx/Meshy_AI_Emerging_Sapling_0709133259_texture.fbx
5040,5274,1,1,Meshy_AI_Golden_Mangoes_0506043452_texture,Assets/Models/MangoFruit/Meshy_AI_Golden_Mangoes_0506043452_texture_fbx/Meshy_AI_Golden_Mangoes_0506043452_texture_fbx/Meshy_AI_Golden_Mangoes_0506043452_texture.fbx
5029,5864,1,1,Meshy_AI_Banana_Seedling_0709123418_texture,Assets/Models/BananaSprout/Meshy_AI_Banana_Seedling_0709123418_texture_fbx/Meshy_AI_Banana_Seedling_0709123418_texture_fbx/Meshy_AI_Banana_Seedling_0709123418_texture.fbx
4800,5406,1,1,Meshy_AI_Emerging_Seedling_0709134244_texture,Assets/Models/SquashSprout/Meshy_AI_Emerging_Seedling_0709134244_texture_fbx/Meshy_AI_Emerging_Seedling_0709134244_texture_fbx/Meshy_AI_Emerging_Seedling_0709134244_texture.fbx
4796,4654,1,1,Meshy_AI_Pomelo_0506044756_texture,Assets/Models/PomeloFruit/Meshy_AI_Pomelo_0506044756_texture_fbx/Meshy_AI_Pomelo_0506044756_texture_fbx/Meshy_AI_Pomelo_0506044756_texture.fbx
4537,6169,1,1,Meshy_AI_Banana_one_Bulk_0424074719_texture,Assets/Models/BananaFruit/Meshy_AI_Banana_one_Bulk_0424074719_texture_fbx/Meshy_AI_Banana_one_Bulk_0424074719_texture_fbx/Meshy_AI_Banana_one_Bulk_0424074719_texture.fbx
4381,8680,1,1,Meshy_AI_Wooden_Grid_Fence_Pan_0722150201_texture,Assets/Models/Trellis/squash/Meshy_AI_Wooden_Grid_Fence_Pan_0722150201_texture_fbx/Meshy_AI_Wooden_Grid_Fence_Pan_0722150201_texture.fbx
4275,6477,1,1,Meshy_AI_Strawberry_plant_with_0709134806_texture,Assets/Models/StrawberrrySprout/Meshy_AI_Strawberry_plant_with_0709134806_texture_fbx/Meshy_AI_Strawberry_plant_with_0709134806_texture_fbx/Meshy_AI_Strawberry_plant_with_0709134806_texture.fbx
4034,5688,1,1,Meshy_AI_Sapling_with_a_Root_B_0709131443_texture,Assets/Models/MangoSprout/Meshy_AI_Sapling_with_a_Root_B_0709131443_texture_fbx/Meshy_AI_Sapling_with_a_Root_B_0709131443_texture_fbx/Meshy_AI_Sapling_with_a_Root_B_0709131443_texture.fbx
4031,5049,1,1,Meshy_AI_Banana_Tree_0424074148_texture,Assets/Models/BananaTree/Meshy_AI_Banana_Tree_0424074148_texture_fbx/Meshy_AI_Banana_Tree_0424074148_texture_fbx/Meshy_AI_Banana_Tree_0424074148_texture.fbx
3702,8220,1,1,Meshy_AI_Verdant_Sapling_0709130626_texture,Assets/Models/EggplantSprout/Meshy_AI_Verdant_Sapling_0709130626_texture_fbx/Meshy_AI_Verdant_Sapling_0709130626_texture_fbx/Meshy_AI_Verdant_Sapling_0709130626_texture.fbx
3336,3921,1,1,Meshy_AI_Ginger_sprout_0709122404_texture,Assets/Models/CoconutSprout/Meshy_AI_Ginger_sprout_0709122404_texture_fbx/Meshy_AI_Ginger_sprout_0709122404_texture_fbx/Meshy_AI_Ginger_sprout_0709122404_texture.fbx
3330,5156,1,1,Meshy_AI_Young_sapling_0709125832_texture,Assets/Models/DurianSprout/Meshy_AI_Young_sapling_0709125832_texture_fbx/Meshy_AI_Young_sapling_0709125832_texture_fbx/Meshy_AI_Young_sapling_0709125832_texture.fbx
3220,2602,1,1,Meshy_AI_Solitary_Wooden_Post_0722150135_texture,Assets/Models/SupportStake/Stick/Meshy_AI_Solitary_Wooden_Post_0722150135_texture_fbx/Meshy_AI_Solitary_Wooden_Post_0722150135_texture.fbx
